"OHR ID","Name","Department","Age","Resume"
"OHR001","Alice","Engineering","29","=HYPERLINK(""https://drive.google.com/uc?export=download&id=199hT8l2LAMPNiUrUiOMlrk-6EX7tWcar
"", ""https://drive.google.com/uc?export=download&id=199hT8l2LAMPNiUrUiOMlrk-6EX7tWcar
"")"
"OHR002","Bob","Sales","34","=HYPERLINK(""https://drive.google.com/uc?export=download&id=199hT8l2LAMPNiUrUiOMlrk-6EX7tWcar

"", ""https://drive.google.com/uc?export=download&id=199hT8l2LAMPNiUrUiOMlrk-6EX7tWcar

"")"
"OHR003","Charlie","HR","25","=HYPERLINK(""https://drive.google.com/uc?export=download&id=199hT8l2LAMPNiUrUiOMlrk-6EX7tWcar
"", ""https://drive.google.com/uc?export=download&id=199hT8l2LAMPNiUrUiOMlrk-6EX7tWcar
"")"
